id,date,odometer,quantity,fuel_type,vehicle_id,location
33333333-3333-3333-3333-333333333000,2025-11-07,100000,40,Gasolina,11111111-1111-1111-1111-111111111111,Posto Central
33333333-3333-3333-3333-333333333001,2025-04-02,100100,40,Gasolina,11111111-1111-1111-1111-111111111112,Posto Central
33333333-3333-3333-3333-333333333002,2025-04-04,100200,40,Gasolina,11111111-1111-1111-1111-111111111113,Posto Central
33333333-3333-3333-3333-333333333003,2025-06-20,100300,40,Gasolina,11111111-1111-1111-1111-111111111114,Posto Central
33333333-3333-3333-3333-333333333004,2025-08-05,100400,40,Gasolina,11111111-1111-1111-1111-111111111115,Posto Central
33333333-3333-3333-3333-333333333005,2025-05-17,100500,40,Gasolina,11111111-1111-1111-1111-111111111116,Posto Central
33333333-3333-3333-3333-333333333006,2025-05-01,100600,40,Gasolina,11111111-1111-1111-1111-111111111117,Posto Central
33333333-3333-3333-3333-333333333007,2025-07-01,100700,40,Gasolina,11111111-1111-1111-1111-111111111118,Posto Central
33333333-3333-3333-3333-333333333008,2025-05-16,100800,40,Gasolina,11111111-1111-1111-1111-111111111111,Posto Central
33333333-3333-3333-3333-333333333009,2025-10-23,100900,40,Gasolina,11111111-1111-1111-1111-111111111112,Posto Central
33333333-3333-3333-3333-333333333010,2025-04-16,101000,40,Gasolina,11111111-1111-1111-1111-111111111113,Posto Central
33333333-3333-3333-3333-333333333011,2025-09-26,101100,40,Gasolina,11111111-1111-1111-1111-111111111114,Posto Central
33333333-3333-3333-3333-333333333012,2025-09-06,101200,40,Gasolina,11111111-1111-1111-1111-111111111115,Posto Central
33333333-3333-3333-3333-333333333013,2025-10-22,101300,40,Gasolina,11111111-1111-1111-1111-111111111116,Posto Central
33333333-3333-3333-3333-333333333014,2025-11-08,101400,40,Gasolina,11111111-1111-1111-1111-111111111117,Posto Central
33333333-3333-3333-3333-333333333015,2025-11-23,101500,40,Gasolina,11111111-1111-1111-1111-111111111118,Posto Central
33333333-3333-3333-3333-333333333016,2025-03-11,101600,40,Gasolina,11111111-1111-1111-1111-111111111111,Posto Central
33333333-3333-3333-3333-333333333017,2025-04-19,101700,40,Gasolina,11111111-1111-1111-1111-111111111112,Posto Central
33333333-3333-3333-3333-333333333018,2025-07-13,101800,40,Gasolina,11111111-1111-1111-1111-111111111113,Posto Central
33333333-3333-3333-3333-333333333019,2025-09-21,101900,40,Gasolina,11111111-1111-1111-1111-111111111114,Posto Central
33333333-3333-3333-3333-333333333020,2025-11-02,102000,40,Gasolina,11111111-1111-1111-1111-111111111115,Posto Central
33333333-3333-3333-3333-333333333021,2025-04-13,102100,40,Gasolina,11111111-1111-1111-1111-111111111116,Posto Central
33333333-3333-3333-3333-333333333022,2025-06-30,102200,40,Gasolina,11111111-1111-1111-1111-111111111117,Posto Central
33333333-3333-3333-3333-333333333023,2025-04-14,102300,40,Gasolina,11111111-1111-1111-1111-111111111118,Posto Central
33333333-3333-3333-3333-333333333024,2026-01-29,102400,40,Gasolina,11111111-1111-1111-1111-111111111111,Posto Central
33333333-3333-3333-3333-333333333025,2025-08-14,102500,40,Gasolina,11111111-1111-1111-1111-111111111112,Posto Central
33333333-3333-3333-3333-333333333026,2025-08-29,102600,40,Gasolina,11111111-1111-1111-1111-111111111113,Posto Central
33333333-3333-3333-3333-333333333027,2026-02-20,102700,40,Gasolina,11111111-1111-1111-1111-111111111114,Posto Central
33333333-3333-3333-3333-333333333028,2025-04-09,102800,40,Gasolina,11111111-1111-1111-1111-111111111115,Posto Central
33333333-3333-3333-3333-333333333029,2026-01-24,102900,40,Gasolina,11111111-1111-1111-1111-111111111116,Posto Central
33333333-3333-3333-3333-333333333030,2026-02-19,103000,40,Gasolina,11111111-1111-1111-1111-111111111117,Posto Central
33333333-3333-3333-3333-333333333031,2025-12-10,103100,40,Gasolina,11111111-1111-1111-1111-111111111118,Posto Central
33333333-3333-3333-3333-333333333032,2025-09-26,103200,40,Gasolina,11111111-1111-1111-1111-111111111111,Posto Central
33333333-3333-3333-3333-333333333033,2025-05-13,103300,40,Gasolina,11111111-1111-1111-1111-111111111112,Posto Central
33333333-3333-3333-3333-333333333034,2025-11-03,103400,40,Gasolina,11111111-1111-1111-1111-111111111113,Posto Central
33333333-3333-3333-3333-333333333035,2025-05-31,103500,40,Gasolina,11111111-1111-1111-1111-111111111114,Posto Central
33333333-3333-3333-3333-333333333036,2025-05-21,103600,40,Gasolina,11111111-1111-1111-1111-111111111115,Posto Central
33333333-3333-3333-3333-333333333037,2025-10-03,103700,40,Gasolina,11111111-1111-1111-1111-111111111116,Posto Central
33333333-3333-3333-3333-333333333038,2025-05-06,103800,40,Gasolina,11111111-1111-1111-1111-111111111117,Posto Central
33333333-3333-3333-3333-333333333039,2025-12-21,103900,40,Gasolina,11111111-1111-1111-1111-111111111118,Posto Central
33333333-3333-3333-3333-333333333040,2025-11-23,104000,40,Gasolina,11111111-1111-1111-1111-111111111111,Posto Central
33333333-3333-3333-3333-333333333041,2025-03-20,104100,40,Gasolina,11111111-1111-1111-1111-111111111112,Posto Central
33333333-3333-3333-3333-333333333042,2025-08-02,104200,40,Gasolina,11111111-1111-1111-1111-111111111113,Posto Central
33333333-3333-3333-3333-333333333043,2026-01-23,104300,40,Gasolina,11111111-1111-1111-1111-111111111114,Posto Central
33333333-3333-3333-3333-333333333044,2025-11-01,104400,40,Gasolina,11111111-1111-1111-1111-111111111115,Posto Central
33333333-3333-3333-3333-333333333045,2025-10-31,104500,40,Gasolina,11111111-1111-1111-1111-111111111116,Posto Central
33333333-3333-3333-3333-333333333046,2025-08-16,104600,40,Gasolina,11111111-1111-1111-1111-111111111117,Posto Central
33333333-3333-3333-3333-333333333047,2025-09-04,104700,40,Gasolina,11111111-1111-1111-1111-111111111118,Posto Central
33333333-3333-3333-3333-333333333048,2025-04-28,104800,40,Gasolina,11111111-1111-1111-1111-111111111111,Posto Central
33333333-3333-3333-3333-333333333049,2025-05-17,104900,40,Gasolina,11111111-1111-1111-1111-111111111112,Posto Central
33333333-3333-3333-3333-333333333050,2025-11-23,105000,40,Gasolina,11111111-1111-1111-1111-111111111113,Posto Central
33333333-3333-3333-3333-333333333051,2026-02-26,105100,40,Gasolina,11111111-1111-1111-1111-111111111114,Posto Central
33333333-3333-3333-3333-333333333052,2025-09-28,105200,40,Gasolina,11111111-1111-1111-1111-111111111115,Posto Central
33333333-3333-3333-3333-333333333053,2025-05-04,105300,40,Gasolina,11111111-1111-1111-1111-111111111116,Posto Central
33333333-3333-3333-3333-333333333054,2025-07-16,105400,40,Gasolina,11111111-1111-1111-1111-111111111117,Posto Central
33333333-3333-3333-3333-333333333055,2025-04-07,105500,40,Gasolina,11111111-1111-1111-1111-111111111118,Posto Central
33333333-3333-3333-3333-333333333056,2025-04-12,105600,40,Gasolina,11111111-1111-1111-1111-111111111111,Posto Central
33333333-3333-3333-3333-333333333057,2025-03-14,105700,40,Gasolina,11111111-1111-1111-1111-111111111112,Posto Central
33333333-3333-3333-3333-333333333058,2025-07-14,105800,40,Gasolina,11111111-1111-1111-1111-111111111113,Posto Central
33333333-3333-3333-3333-333333333059,2025-03-18,105900,40,Gasolina,11111111-1111-1111-1111-111111111114,Posto Central
33333333-3333-3333-3333-333333333060,2025-03-20,106000,40,Gasolina,11111111-1111-1111-1111-111111111115,Posto Central
33333333-3333-3333-3333-333333333061,2026-02-01,106100,40,Gasolina,11111111-1111-1111-1111-111111111116,Posto Central
33333333-3333-3333-3333-333333333062,2025-12-24,106200,40,Gasolina,11111111-1111-1111-1111-111111111117,Posto Central
33333333-3333-3333-3333-333333333063,2025-05-04,106300,40,Gasolina,11111111-1111-1111-1111-111111111118,Posto Central
33333333-3333-3333-3333-333333333064,2025-11-21,106400,40,Gasolina,11111111-1111-1111-1111-111111111111,Posto Central
33333333-3333-3333-3333-333333333065,2025-12-31,106500,40,Gasolina,11111111-1111-1111-1111-111111111112,Posto Central
33333333-3333-3333-3333-333333333066,2025-03-19,106600,40,Gasolina,11111111-1111-1111-1111-111111111113,Posto Central
33333333-3333-3333-3333-333333333067,2025-04-25,106700,40,Gasolina,11111111-1111-1111-1111-111111111114,Posto Central
33333333-3333-3333-3333-333333333068,2026-02-07,106800,40,Gasolina,11111111-1111-1111-1111-111111111115,Posto Central
33333333-3333-3333-3333-333333333069,2025-08-16,106900,40,Gasolina,11111111-1111-1111-1111-111111111116,Posto Central